user_id,install_date,sessions,session_length,actions,revenue,tutorial_complete,retention_d7,group,country,device
23B30310_1,2025-02-11,6,27.936437018585522,38,0.0,1,1,A,UK,iOS
23B30310_2,2025-02-06,3,9.872356695386236,43,0.0,0,0,A,US,Android
23B30310_3,2025-02-10,2,32.38636158615768,38,0.0,1,1,A,BR,Android
23B30310_4,2025-02-19,3,18.535909224927835,29,0.0,1,1,A,UK,iOS
23B30310_5,2025-01-24,3,19.40277878474549,30,0.75,0,0,B,BR,iOS
23B30310_6,2025-01-28,3,22.439542926183915,38,0.0,0,0,A,UK,iOS
23B30310_7,2025-02-17,3,25.964178422059515,29,0.0,1,0,B,US,iOS
23B30310_8,2025-02-18,2,12.158478697496221,22,0.0,0,1,A,UK,Android
23B30310_9,2025-02-02,2,22.2959127285344,26,0.7,1,0,A,US,Android
23B30310_10,2025-03-01,4,17.304649353770237,18,0.0,1,0,B,US,Android
23B30310_11,2025-01-08,3,5.455581315467699,15,0.0,1,0,B,US,iOS
23B30310_12,2025-01-20,3,27.245313832911695,13,0.0,0,0,B,US,iOS
23B30310_13,2025-01-24,5,32.36772397755428,48,0.0,1,1,B,UK,iOS
23B30310_14,2025-02-03,0,28.769734154987646,31,0.02,1,1,B,IN,Android
23B30310_15,2025-02-02,1,28.799478882982346,36,0.0,1,0,A,JP,Android
23B30310_16,2025-02-05,1,16.927870103680885,38,0.23,1,0,B,US,Android
23B30310_17,2025-03-01,6,24.678026413998982,29,0.0,1,0,B,UK,Android
23B30310_18,2025-01-08,5,17.97278177653756,35,0.81,1,1,B,JP,Android
23B30310_19,2025-01-25,4,13.860027151412316,43,3.61,1,1,B,BR,iOS
23B30310_20,2025-01-31,4,15.097008633603103,20,0.0,1,1,A,JP,iOS
23B30310_21,2025-02-06,1,11.303792587501995,49,0.0,1,1,B,BR,iOS
23B30310_22,2025-03-01,4,13.955142370994267,27,0.0,1,0,A,IN,iOS
23B30310_23,2025-01-25,1,36.01200761707982,8,1.84,1,0,A,BR,Android
23B30310_24,2025-01-17,3,15.263608342837028,45,0.53,1,1,A,BR,Android
23B30310_25,2025-01-10,5,11.389385232617936,34,0.0,0,0,B,UK,iOS
23B30310_26,2025-01-02,5,26.141321973758004,39,0.0,1,0,A,BR,Android
23B30310_27,2025-02-22,4,21.6885917679254,29,0.0,1,1,A,BR,Android
23B30310_28,2025-02-12,2,19.120782151533696,43,2.73,0,0,A,UK,iOS
23B30310_29,2025-01-30,2,16.56145053361103,37,0.0,1,0,A,BR,Android
23B30310_30,2025-01-11,6,8.163659297100798,9,0.0,0,1,A,UK,iOS
23B30310_31,2025-01-26,2,13.268436789862191,11,0.0,0,1,B,IN,iOS
23B30310_32,2025-02-04,4,26.407177483188736,36,0.0,1,0,B,UK,iOS
23B30310_33,2025-02-08,6,16.786926047754697,10,0.0,1,0,A,BR,iOS
23B30310_34,2025-02-04,5,7.271294056694877,35,2.29,1,0,B,BR,Android
23B30310_35,2025-02-06,7,20.001356239885418,24,0.0,1,0,A,JP,iOS
23B30310_36,2025-01-25,4,23.793015393617964,36,0.0,1,1,B,BR,Android
23B30310_37,2025-02-25,2,31.467990961316644,23,0.15,1,1,A,BR,Android
23B30310_38,2025-01-14,3,20.298811699518865,48,0.0,1,0,B,JP,iOS
23B30310_39,2025-02-09,8,20.543743673163718,37,0.0,1,1,A,IN,Android
23B30310_40,2025-02-16,4,17.417470293190394,43,7.82,1,1,A,BR,iOS
23B30310_41,2025-02-05,5,6.791443371390761,44,0.0,1,0,B,IN,Android
23B30310_42,2025-02-25,6,18.607404504450642,6,1.97,0,0,A,BR,iOS
23B30310_43,2025-02-21,5,26.36044757155643,11,0.0,1,1,A,US,Android
23B30310_44,2025-01-26,5,4.622179303311379,21,0.0,1,1,B,US,Android
23B30310_45,2025-01-12,2,16.494951654653402,11,0.0,0,1,A,US,Android
23B30310_46,2025-02-26,3,25.65604536685713,16,1.54,1,0,A,JP,Android
23B30310_47,2025-02-08,4,17.911619022313324,38,0.0,0,0,A,IN,iOS
23B30310_48,2025-02-25,0,20.41057394370569,26,3.46,1,0,B,JP,iOS
23B30310_49,2025-01-04,2,18.392175588276377,36,2.8,1,0,B,UK,iOS
23B30310_50,2025-01-02,2,21.032648384596456,17,0.0,1,0,B,BR,iOS
23B30310_51,2025-01-15,3,12.858794195197081,12,2.41,1,1,A,JP,Android
23B30310_52,2025-01-07,5,27.56441188945616,42,0.0,0,1,B,JP,iOS
23B30310_53,2025-02-23,6,14.210909532116803,33,0.0,1,0,A,UK,iOS
23B30310_54,2025-01-17,3,6.666809237085513,44,0.0,0,1,B,US,iOS
23B30310_55,2025-01-19,4,18.524411377813287,14,0.0,1,1,B,UK,Android
23B30310_56,2025-02-20,3,21.852957271282758,38,0.0,0,1,B,UK,iOS
23B30310_57,2025-02-07,1,33.8103025557987,25,1.32,0,0,A,JP,Android
23B30310_58,2025-01-23,0,25.100510327487907,38,1.02,0,0,A,IN,Android
23B30310_59,2025-01-17,5,6.824519498302573,36,0.0,1,0,B,US,Android
23B30310_60,2025-02-26,2,19.500226322255852,8,0.53,1,1,B,UK,Android
23B30310_61,2025-02-02,3,23.83038460270975,33,0.0,1,0,A,JP,Android
23B30310_62,2025-02-02,2,22.45771955383024,32,0.0,1,1,B,JP,iOS
23B30310_63,2025-01-07,1,24.248291826938008,33,0.0,1,1,A,UK,Android
23B30310_64,2025-01-06,4,15.299641094770335,21,0.0,1,0,A,IN,Android
23B30310_65,2025-02-18,2,17.24003600653618,22,0.0,0,1,B,BR,Android
23B30310_66,2025-01-28,4,30.49236343941322,31,0.0,1,0,A,UK,iOS
23B30310_67,2025-01-11,4,14.236540204185268,21,0.0,1,1,A,UK,iOS
23B30310_68,2025-01-15,3,7.028127099428614,35,0.0,0,0,A,BR,Android
23B30310_69,2025-01-18,3,23.16255260353553,44,2.65,0,1,B,JP,Android
23B30310_70,2025-01-11,5,12.773640283258754,16,0.0,1,0,B,UK,iOS
23B30310_71,2025-01-16,3,33.46668242003717,31,3.14,0,0,B,US,Android
23B30310_72,2025-01-14,6,24.014461118105434,32,0.0,1,0,A,US,iOS
23B30310_73,2025-02-27,2,11.71121300854377,22,0.09,0,0,B,BR,Android
23B30310_74,2025-01-16,1,29.14198525930746,11,0.0,1,1,B,UK,iOS
23B30310_75,2025-02-24,0,15.421496824342317,18,0.26,1,0,A,IN,iOS
23B30310_76,2025-01-05,2,13.688814732950117,7,0.0,0,1,A,US,iOS
23B30310_77,2025-01-21,3,17.430266222298794,14,0.0,1,1,B,IN,iOS
23B30310_78,2025-02-27,4,30.609127241943874,15,0.95,1,1,B,JP,Android
23B30310_79,2025-02-28,7,18.989530761877084,48,0.0,1,0,B,IN,Android
23B30310_80,2025-01-26,2,28.823900015613404,7,0.0,1,0,A,US,iOS
23B30310_81,2025-01-16,4,14.135146537787303,39,0.0,1,0,A,IN,Android
23B30310_82,2025-01-07,3,19.084424272185384,38,1.02,1,0,B,US,Android
23B30310_83,2025-01-26,3,18.7563691642986,21,0.0,1,1,B,IN,Android
23B30310_84,2025-02-27,2,18.270500244732684,26,0.0,0,0,A,IN,Android
23B30310_85,2025-01-01,3,28.08680349427634,49,0.0,1,0,B,BR,iOS
23B30310_86,2025-01-17,1,15.188529336838924,38,0.4,1,0,B,IN,Android
23B30310_87,2025-01-06,3,8.916393892611145,29,0.0,0,1,B,BR,Android
23B30310_88,2025-02-12,3,14.945162806190286,6,0.0,0,1,B,IN,iOS
23B30310_89,2025-01-09,2,16.158572742722303,31,0.0,1,1,A,IN,iOS
23B30310_90,2025-01-28,1,8.439017839062075,25,0.0,1,1,A,UK,iOS
23B30310_91,2025-01-07,5,33.07636007491742,21,1.56,1,1,B,UK,Android
23B30310_92,2025-02-27,6,17.032993713427548,9,0.0,1,1,B,JP,iOS
23B30310_93,2025-02-04,3,14.748636673702098,8,0.0,1,0,B,JP,iOS
23B30310_94,2025-01-26,4,8.90613394039936,38,0.0,1,0,A,US,Android
23B30310_95,2025-02-01,0,15.636042434659444,32,0.0,1,1,A,JP,iOS
23B30310_96,2025-01-22,3,30.73711360606636,43,0.0,1,1,A,US,iOS
23B30310_97,2025-02-11,1,11.751340845389885,17,0.0,1,0,B,JP,iOS
23B30310_98,2025-01-12,1,11.087581034649299,49,0.0,0,1,B,US,Android
23B30310_99,2025-01-17,6,32.528092874002496,31,0.0,1,1,B,UK,Android
23B30310_100,2025-02-14,1,25.171003667368538,16,0.0,1,0,B,JP,iOS
23B30310_101,2025-02-09,5,25.97152842592145,41,0.0,1,0,A,BR,Android
23B30310_102,2025-02-05,3,23.00221727436863,41,0.0,1,0,A,IN,Android
23B30310_103,2025-01-10,4,10.6276937229747,39,0.0,0,1,B,BR,iOS
23B30310_104,2025-01-11,2,25.69349130585865,9,0.0,1,1,A,UK,iOS
23B30310_105,2025-01-17,1,22.311888031828612,38,0.0,1,0,B,UK,iOS
23B30310_106,2025-02-09,6,27.88956519275266,34,0.75,1,0,B,BR,Android
23B30310_107,2025-01-20,0,24.116510669528996,30,0.0,1,1,A,US,Android
23B30310_108,2025-02-19,0,11.530927472067011,33,0.0,1,0,B,BR,iOS
23B30310_109,2025-01-01,1,23.055139825973733,40,0.0,1,0,A,JP,Android
23B30310_110,2025-02-09,3,29.61888580974928,29,0.0,1,0,A,JP,Android
23B30310_111,2025-02-22,2,8.808842452429529,16,0.0,1,1,B,BR,Android
23B30310_112,2025-03-01,2,7.942406584040086,34,0.0,0,1,B,BR,Android
23B30310_113,2025-02-16,0,33.36671113603521,28,0.61,1,1,A,IN,iOS
23B30310_114,2025-02-02,3,7.118399955932265,28,0.0,1,0,A,JP,Android
23B30310_115,2025-01-31,2,22.630839489708052,17,1.65,0,0,B,BR,Android
23B30310_116,2025-02-18,2,18.907520727605757,23,0.0,1,0,B,BR,Android
23B30310_117,2025-01-22,1,13.617114435201579,38,0.0,1,0,B,IN,iOS
23B30310_118,2025-01-04,8,21.47997493001211,20,0.0,0,1,A,BR,Android
23B30310_119,2025-01-11,3,24.023006572414033,20,1.25,0,0,A,US,iOS
23B30310_120,2025-01-11,6,8.637668628053385,28,1.13,1,1,A,BR,Android
23B30310_121,2025-02-01,5,18.97761809878385,47,4.48,1,1,A,BR,iOS
23B30310_122,2025-02-24,3,24.92952871756772,32,0.0,1,1,A,US,Android
23B30310_123,2025-01-21,3,14.130798567143243,13,0.0,1,0,B,UK,iOS
23B30310_124,2025-02-27,3,28.921436609251707,43,0.0,1,1,B,JP,Android
23B30310_125,2025-01-08,5,23.07632332503196,10,0.0,1,0,A,BR,Android
23B30310_126,2025-01-01,2,12.800382104332584,10,0.0,1,0,A,JP,Android
23B30310_127,2025-02-26,2,14.985070886557992,24,3.82,1,1,B,US,Android
23B30310_128,2025-01-24,3,23.464922258435887,11,1.3,1,0,A,BR,iOS
23B30310_129,2025-01-24,4,9.17582159733122,8,0.0,1,1,A,JP,Android
23B30310_130,2025-02-16,2,20.789665017419612,21,0.0,0,1,B,UK,Android
23B30310_131,2025-02-01,2,27.905166751902165,45,0.0,0,1,A,US,Android
23B30310_132,2025-01-16,3,24.403017088546452,10,0.0,0,1,B,IN,Android
23B30310_133,2025-01-02,1,15.236600891140519,29,0.0,1,1,A,US,Android
23B30310_134,2025-02-11,0,11.107867550189912,15,0.0,0,0,B,JP,Android
23B30310_135,2025-01-24,5,23.88935408264215,29,0.0,1,1,A,US,iOS
23B30310_136,2025-02-19,2,14.836556152300393,36,4.56,0,0,B,IN,Android
23B30310_137,2025-01-29,2,23.55685569200786,29,0.0,0,0,B,US,iOS
23B30310_138,2025-01-02,1,26.088178743993044,16,0.93,1,1,A,US,Android
23B30310_139,2025-02-13,2,22.526029578877147,17,0.0,0,1,B,JP,iOS
23B30310_140,2025-01-04,5,23.179702522586027,42,0.0,1,0,B,JP,Android
23B30310_141,2025-01-30,0,16.8420718247105,44,0.0,0,1,A,BR,iOS
23B30310_142,2025-02-07,2,8.376668161281357,37,0.0,0,0,B,UK,iOS
23B30310_143,2025-02-20,1,20.890501301062717,23,0.0,1,1,B,BR,Android
23B30310_144,2025-02-27,8,16.966348699940745,37,0.0,1,1,B,US,Android
23B30310_145,2025-02-09,1,20.695983781626847,12,0.0,1,1,A,UK,Android
23B30310_146,2025-02-15,1,17.057127858642385,10,0.0,1,1,B,UK,iOS
23B30310_147,2025-02-06,1,16.06329262190345,11,0.0,0,0,B,JP,iOS
23B30310_148,2025-02-18,3,10.599899586533644,18,1.0,1,0,B,JP,iOS
23B30310_149,2025-02-06,2,14.56432269319845,11,0.0,1,1,A,UK,iOS
23B30310_150,2025-01-10,3,35.47354630354296,20,0.0,0,0,A,BR,Android
23B30310_151,2025-02-13,3,15.929558167598817,14,0.0,1,1,A,US,Android
23B30310_152,2025-01-22,1,20.093406075281454,18,3.04,1,0,A,UK,Android
23B30310_153,2025-01-27,2,18.38050261673881,45,0.0,0,0,A,US,Android
23B30310_154,2025-01-12,2,4.0254667428754995,12,0.0,1,0,A,US,Android
23B30310_155,2025-02-08,2,28.08936371232589,43,2.94,0,1,B,JP,iOS
23B30310_156,2025-02-06,4,25.230568318718618,33,0.0,1,0,B,BR,iOS
23B30310_157,2025-02-22,6,26.500403133781617,11,0.91,1,1,A,US,iOS
23B30310_158,2025-02-16,2,24.98962488437823,26,0.0,0,0,A,UK,iOS
23B30310_159,2025-02-21,4,26.258505953005148,8,6.15,1,0,A,IN,Android
23B30310_160,2025-01-14,5,20.202749861297082,38,0.0,0,1,A,US,iOS
23B30310_161,2025-01-12,5,20.093771440429716,40,0.0,0,1,A,US,Android
23B30310_162,2025-02-13,5,7.227260547920965,17,1.26,1,1,A,US,iOS
23B30310_163,2025-02-27,1,1.7613732435156173,9,3.53,1,0,B,IN,iOS
23B30310_164,2025-01-10,1,29.550001939808496,26,0.0,1,1,A,UK,Android
23B30310_165,2025-01-18,4,20.90533436840119,29,0.0,1,0,A,UK,iOS
23B30310_166,2025-02-05,1,15.56360301074012,17,4.15,1,1,A,US,Android
23B30310_167,2025-03-01,1,27.80062666567871,9,3.96,1,1,B,US,iOS
23B30310_168,2025-02-01,3,22.764840814164543,31,0.5,1,1,A,JP,iOS
23B30310_169,2025-02-09,1,32.34818340806547,26,0.0,1,1,B,BR,Android
23B30310_170,2025-02-20,3,14.256009137629057,44,7.74,1,0,B,UK,Android
23B30310_171,2025-02-11,4,15.570451501056159,46,0.0,1,1,B,IN,iOS
23B30310_172,2025-01-13,2,13.264989421767721,10,0.8,1,0,A,JP,iOS
23B30310_173,2025-01-10,3,17.760823287585556,36,0.0,1,0,A,BR,iOS
23B30310_174,2025-01-13,6,23.74039133564645,29,0.0,1,0,A,BR,Android
23B30310_175,2025-02-03,0,17.28873431733172,27,0.52,0,0,A,UK,iOS
23B30310_176,2025-02-12,3,26.852511124492665,36,0.0,1,1,A,US,iOS
23B30310_177,2025-02-20,1,26.17191358758832,43,2.56,1,0,B,IN,Android
23B30310_178,2025-02-06,3,21.363152927982547,27,0.0,0,0,B,BR,Android
23B30310_179,2025-01-13,2,25.600206367533637,40,0.0,1,0,B,US,Android
23B30310_180,2025-02-14,3,13.451130503664583,48,0.0,1,0,B,US,Android
23B30310_181,2025-02-28,4,18.28387804343653,21,1.64,1,0,B,IN,Android
23B30310_182,2025-01-07,4,11.85594483810853,25,0.0,0,1,A,IN,iOS
23B30310_183,2025-01-22,2,25.34892090332079,31,0.76,1,1,A,JP,Android
23B30310_184,2025-01-24,2,17.959246161850587,42,0.0,1,1,B,UK,Android
23B30310_185,2025-01-03,3,26.82656708105153,40,0.0,0,1,A,BR,Android
23B30310_186,2025-02-10,0,18.690989273862407,20,0.0,1,1,A,BR,Android
23B30310_187,2025-02-19,5,17.020332630904523,18,0.72,1,0,B,IN,Android
23B30310_188,2025-01-22,5,18.50447564173694,34,0.0,1,0,A,JP,Android
23B30310_189,2025-02-14,3,13.262522648361331,32,0.12,1,0,A,US,Android
23B30310_190,2025-01-14,5,28.500327283733235,39,0.0,1,0,A,IN,iOS
23B30310_191,2025-02-06,2,17.920580415687937,35,0.36,1,1,A,US,Android
23B30310_192,2025-01-24,2,13.4713288953616,47,0.0,1,0,A,JP,Android
23B30310_193,2025-01-12,3,27.729861970114925,45,0.0,1,0,A,JP,iOS
23B30310_194,2025-01-11,2,21.76992385482588,41,0.0,1,0,A,IN,Android
23B30310_195,2025-02-23,2,26.18353035944925,40,0.0,0,0,A,UK,Android
23B30310_196,2025-02-28,5,22.74480818239889,5,0.0,1,0,A,IN,iOS
23B30310_197,2025-03-01,4,28.492557678392412,15,0.0,0,0,A,UK,Android
23B30310_198,2025-01-31,5,19.806639383367084,6,0.0,1,0,A,US,iOS
23B30310_199,2025-01-17,1,34.82248185624859,45,0.0,1,1,A,JP,Android
23B30310_200,2025-02-03,4,29.482802316082967,25,0.0,0,0,B,US,iOS
23B30310_201,2025-02-07,2,19.033279296243048,40,0.0,1,0,B,UK,Android
23B30310_202,2025-02-08,4,24.415126138655587,9,0.0,1,1,B,US,iOS
23B30310_203,2025-02-20,3,7.902264808822764,45,0.0,1,0,A,UK,iOS
23B30310_204,2025-02-20,1,22.64451079985637,38,0.0,1,0,B,UK,Android
23B30310_205,2025-02-19,4,10.599479233674932,28,1.46,1,0,B,US,iOS
23B30310_206,2025-02-09,1,11.479395527913844,46,0.0,1,1,A,US,Android
23B30310_207,2025-01-24,1,22.184914036923175,36,0.84,1,0,B,BR,iOS
23B30310_208,2025-02-26,4,1.9743201673143531,33,0.0,1,0,B,UK,Android
23B30310_209,2025-01-26,7,28.204037993923194,14,0.0,1,0,B,IN,Android
23B30310_210,2025-02-18,3,3.314450790574174,45,0.0,1,1,B,BR,iOS
23B30310_211,2025-01-11,1,13.926251587515189,44,0.0,1,1,B,UK,iOS
23B30310_212,2025-01-24,3,43.88998415499636,29,0.46,1,0,A,JP,iOS
23B30310_213,2025-02-13,0,21.03004755251104,37,1.94,0,0,A,US,iOS
23B30310_214,2025-01-16,7,12.39911170960125,42,0.0,0,0,A,IN,iOS
23B30310_215,2025-01-26,3,18.036850467667133,11,1.61,1,1,A,JP,Android
23B30310_216,2025-01-14,2,21.822292093929924,16,0.0,1,0,A,UK,iOS
23B30310_217,2025-02-01,3,33.450708173642994,26,0.0,1,1,A,BR,iOS
23B30310_218,2025-02-10,5,8.695714259726998,49,0.0,1,1,B,JP,Android
23B30310_219,2025-01-15,3,18.109882767892564,7,0.0,1,1,B,BR,Android
23B30310_220,2025-02-13,4,23.437882721123998,44,0.0,1,1,B,US,iOS
23B30310_221,2025-02-06,2,15.945742415392566,48,5.85,1,1,A,JP,Android
23B30310_222,2025-02-05,5,16.892307584355457,43,0.0,1,1,A,UK,iOS
23B30310_223,2025-01-25,0,23.646406846208727,39,0.0,1,1,A,US,iOS
23B30310_224,2025-02-14,3,7.506642893209849,9,0.0,0,0,B,US,Android
23B30310_225,2025-02-07,1,28.227099623247902,19,0.0,1,1,B,JP,iOS
23B30310_226,2025-01-04,7,18.541136470326748,43,0.0,1,1,A,US,iOS
23B30310_227,2025-02-18,1,15.618032186000708,48,0.0,0,1,B,IN,iOS
23B30310_228,2025-02-27,3,8.466980242295188,49,0.0,1,1,B,IN,iOS
23B30310_229,2025-01-19,2,10.742475050930176,18,0.0,1,0,A,JP,iOS
23B30310_230,2025-02-02,3,21.69585467164353,37,0.42,1,0,B,JP,Android
23B30310_231,2025-01-03,4,11.884538057987418,19,0.0,1,1,B,JP,iOS
23B30310_232,2025-02-15,3,18.56462180944537,7,0.0,0,1,B,IN,iOS
23B30310_233,2025-01-06,0,19.032549695601357,19,0.0,1,1,A,IN,iOS
23B30310_234,2025-01-02,2,21.9739748089377,28,0.0,0,0,A,BR,Android
23B30310_235,2025-01-29,4,18.640932026901936,34,0.0,1,0,B,BR,iOS
23B30310_236,2025-02-08,2,23.010353293938387,24,0.0,0,0,A,US,iOS
23B30310_237,2025-01-01,3,23.27172432821475,21,0.0,1,1,A,US,Android
23B30310_238,2025-01-06,5,11.5889488770018,20,0.0,1,1,A,IN,iOS
23B30310_239,2025-02-02,3,22.06763020636088,10,0.0,0,1,A,US,Android
23B30310_240,2025-02-01,0,22.80073778229252,36,0.0,1,0,A,UK,iOS
23B30310_241,2025-03-01,3,15.892701167140126,17,0.24,1,1,A,IN,iOS
23B30310_242,2025-01-29,6,30.341605752802984,46,0.0,1,1,A,US,Android
23B30310_243,2025-01-03,3,2.720407315341081,28,0.0,1,1,A,US,iOS
23B30310_244,2025-01-15,0,10.40480791205255,35,0.0,1,1,B,BR,Android
23B30310_245,2025-02-16,4,19.13388900524748,41,0.0,1,0,B,US,iOS
23B30310_246,2025-01-22,2,25.76752217940433,41,4.98,0,1,A,IN,iOS
23B30310_247,2025-02-02,4,24.55366572464718,15,0.0,1,0,A,IN,Android
23B30310_248,2025-01-21,1,16.673336065995358,18,0.0,1,0,B,JP,Android
23B30310_249,2025-01-14,3,28.691380644623116,12,0.0,1,0,B,IN,Android
23B30310_250,2025-01-17,1,25.478429544811817,8,0.02,1,1,A,JP,Android
23B30310_251,2025-02-11,4,28.435057984654037,42,0.62,1,0,B,JP,Android
23B30310_252,2025-01-26,5,15.801200947098621,24,0.17,1,1,A,JP,iOS
23B30310_253,2025-02-17,5,8.598992691290485,31,1.4,0,1,A,BR,Android
23B30310_254,2025-01-28,3,31.79951935586889,23,0.03,1,0,B,JP,Android
23B30310_255,2025-02-15,4,12.093137600799782,35,0.0,0,0,B,UK,Android
23B30310_256,2025-01-03,5,36.61412161161617,8,1.29,0,1,B,US,Android
23B30310_257,2025-01-08,2,19.765954493414494,13,0.0,1,0,A,IN,iOS
23B30310_258,2025-02-10,4,6.753634933316258,27,0.0,1,1,B,US,iOS
23B30310_259,2025-02-11,1,23.908138505093234,47,0.26,0,1,B,BR,iOS
23B30310_260,2025-02-02,3,16.27106539123391,20,0.0,0,0,A,IN,iOS
23B30310_261,2025-01-01,3,25.997193266858336,16,0.0,1,1,B,UK,Android
23B30310_262,2025-01-22,2,28.316224515534586,46,0.0,0,0,A,IN,iOS
23B30310_263,2025-01-14,6,9.992447491657183,26,0.89,1,0,A,BR,iOS
23B30310_264,2025-02-09,5,23.003758253157898,47,0.0,1,0,B,JP,Android
23B30310_265,2025-02-16,2,25.237340547962916,48,0.0,1,1,B,BR,Android
23B30310_266,2025-02-26,3,12.790027022848786,6,0.0,1,1,A,US,iOS
23B30310_267,2025-02-08,4,11.913512610665718,25,0.0,1,1,B,UK,Android
23B30310_268,2025-01-12,3,27.47792432627948,26,3.59,0,1,B,BR,iOS
23B30310_269,2025-01-14,0,29.089150194696433,16,0.0,1,0,A,UK,Android
23B30310_270,2025-01-02,3,24.30770036370405,24,0.0,0,1,A,JP,Android
23B30310_271,2025-02-08,4,14.25777323736169,30,0.0,1,1,B,BR,Android
23B30310_272,2025-02-05,6,28.179057248211457,20,2.09,1,1,B,UK,iOS
23B30310_273,2025-01-16,3,17.533231465690697,20,7.04,1,1,B,IN,iOS
23B30310_274,2025-01-12,1,15.35667085423099,28,0.0,0,1,A,BR,iOS
23B30310_275,2025-02-28,1,19.370188536585662,11,0.0,0,1,A,UK,iOS
23B30310_276,2025-01-19,2,32.45294969593853,20,0.0,1,1,A,UK,Android
23B30310_277,2025-01-02,0,20.805889666048994,6,0.0,1,0,A,US,iOS
23B30310_278,2025-01-10,6,7.498257943761523,44,2.45,1,0,A,BR,Android
23B30310_279,2025-02-20,3,29.58572477827289,20,0.0,0,1,B,US,iOS
23B30310_280,2025-01-10,2,21.24157079435151,22,2.87,0,0,A,IN,iOS
23B30310_281,2025-02-15,5,24.75405438521345,31,0.0,1,0,A,IN,Android
23B30310_282,2025-02-28,7,17.322221401221363,18,0.0,1,1,B,US,Android
23B30310_283,2025-01-25,2,8.416772854319845,31,0.0,1,0,B,BR,Android
23B30310_284,2025-02-25,2,12.755375775544401,39,0.0,0,1,A,US,iOS
23B30310_285,2025-02-05,4,18.001689308815294,14,0.0,1,0,B,US,iOS
23B30310_286,2025-02-28,1,41.42203456046736,43,0.0,1,0,A,UK,iOS
23B30310_287,2025-01-06,4,14.358808974587074,31,0.0,1,0,B,BR,Android
23B30310_288,2025-01-26,1,5.65048930271529,36,0.0,1,0,A,UK,iOS
23B30310_289,2025-01-13,6,1.354939198739057,21,1.98,1,1,A,UK,Android
23B30310_290,2025-01-14,3,14.615466289496778,10,0.0,1,0,A,UK,Android
23B30310_291,2025-02-27,4,35.260178753308224,20,0.0,1,0,A,BR,Android
23B30310_292,2025-01-06,2,25.64489263718179,35,0.0,1,0,A,IN,iOS
23B30310_293,2025-01-30,4,35.92571265142446,28,0.0,0,1,A,BR,Android
23B30310_294,2025-01-27,3,19.812666162227423,8,0.0,0,0,A,BR,iOS
23B30310_295,2025-01-12,3,22.16496268048627,22,0.0,0,0,B,UK,iOS
23B30310_296,2025-01-05,2,16.000155972944256,38,0.71,0,0,A,UK,Android
23B30310_297,2025-02-09,3,21.13475742600543,35,0.0,1,1,B,US,iOS
23B30310_298,2025-01-02,1,21.762080409356255,9,0.0,1,1,A,BR,iOS
23B30310_299,2025-01-24,4,20.02265655705122,42,4.3,0,0,A,IN,iOS
23B30310_300,2025-02-21,1,25.098031987654494,20,0.0,1,1,A,BR,Android
23B30310_301,2025-01-28,2,19.70078211237001,20,0.0,0,0,A,BR,iOS
23B30310_302,2025-01-27,4,12.261991003792808,18,0.0,1,1,A,US,Android
23B30310_303,2025-02-11,3,11.359656962981207,28,0.0,1,0,B,UK,iOS
23B30310_304,2025-01-26,3,12.375856990492018,49,0.0,1,0,A,IN,iOS
23B30310_305,2025-02-13,9,31.095529542538245,16,0.15,0,0,B,JP,Android
23B30310_306,2025-03-01,5,25.07345028450642,25,0.0,1,0,B,JP,iOS
23B30310_307,2025-01-21,2,26.124319716871607,40,0.0,0,0,B,IN,iOS
23B30310_308,2025-03-01,3,18.532687282239422,16,0.0,0,1,A,JP,iOS
23B30310_309,2025-01-25,1,15.44630752176477,49,0.0,0,0,B,IN,Android
23B30310_310,2025-02-02,4,24.892960060036486,36,0.27,1,0,B,JP,iOS
23B30310_311,2025-02-27,3,38.66683100418151,38,0.0,1,1,A,UK,iOS
23B30310_312,2025-02-20,1,14.442853968199644,22,0.0,1,0,A,UK,iOS
23B30310_313,2025-01-16,4,29.811217411854347,25,0.0,0,0,B,UK,Android
23B30310_314,2025-01-21,2,21.00845648388443,31,0.0,0,0,A,BR,Android
23B30310_315,2025-02-22,3,12.105598474177075,5,0.88,1,0,A,UK,iOS
23B30310_316,2025-02-07,4,26.75237324148771,19,0.0,1,0,A,JP,Android
23B30310_317,2025-01-03,5,24.40740514915348,22,0.0,0,0,A,IN,Android
23B30310_318,2025-01-04,5,21.712586216337016,13,0.0,0,1,A,US,iOS
23B30310_319,2025-01-24,2,29.12007545897838,38,0.0,1,0,B,UK,Android
23B30310_320,2025-02-18,3,24.86965646994566,24,0.0,1,1,B,BR,iOS
23B30310_321,2025-02-01,1,11.108080771248567,45,1.94,1,0,B,US,iOS
23B30310_322,2025-01-30,3,26.138754867328327,9,0.97,1,1,A,UK,iOS
23B30310_323,2025-01-24,7,13.602688670472915,40,0.35,1,1,A,IN,Android
23B30310_324,2025-01-15,4,19.59147132079433,45,0.0,0,0,B,BR,Android
23B30310_325,2025-02-13,5,19.41137871520666,22,0.0,1,0,A,IN,iOS
23B30310_326,2025-02-02,4,21.123204531639544,22,2.71,1,0,B,US,Android
23B30310_327,2025-01-20,5,24.85653410038878,6,0.0,0,1,A,BR,Android
23B30310_328,2025-01-11,2,25.04676687608044,24,0.0,1,1,B,IN,iOS
23B30310_329,2025-03-01,3,23.224166908825335,25,1.05,1,0,A,BR,Android
23B30310_330,2025-01-25,5,3.483605463770342,17,0.0,1,0,B,US,iOS
23B30310_331,2025-01-28,1,12.84894372944252,42,0.0,0,1,A,JP,Android
23B30310_332,2025-02-27,6,35.38584469126259,41,0.42,1,0,B,JP,Android
23B30310_333,2025-02-04,1,20.880630424870628,6,0.0,1,0,B,UK,iOS
23B30310_334,2025-01-15,4,25.90682958401434,24,0.0,1,0,B,IN,Android
23B30310_335,2025-02-05,3,12.694634384079766,25,0.0,0,0,B,JP,iOS
23B30310_336,2025-02-07,1,1.9848117477054679,32,0.66,0,0,B,JP,Android
23B30310_337,2025-01-24,3,27.68833128079451,6,0.0,1,0,A,US,Android
23B30310_338,2025-02-12,3,30.92658001392312,18,0.37,1,0,B,US,Android
23B30310_339,2025-01-04,0,16.533721450734923,48,0.0,0,0,B,US,Android
23B30310_340,2025-01-01,4,8.904290794910091,45,0.0,1,1,B,IN,iOS
23B30310_341,2025-02-06,1,29.677666535784873,43,0.0,0,0,A,JP,Android
23B30310_342,2025-01-05,5,21.4473134910587,21,8.81,0,0,B,BR,Android
23B30310_343,2025-01-08,3,17.796282371260617,9,0.0,1,0,B,US,Android
23B30310_344,2025-01-04,3,32.059403641082966,25,0.0,0,0,A,US,Android
23B30310_345,2025-01-05,2,21.61619747309384,24,0.0,1,1,B,BR,iOS
23B30310_346,2025-02-27,5,26.48082241744969,15,0.0,1,0,B,JP,Android
23B30310_347,2025-02-14,3,16.523571364706324,7,2.87,1,0,A,JP,iOS
23B30310_348,2025-02-21,1,15.713984933995711,30,0.0,1,0,A,JP,Android
23B30310_349,2025-01-23,5,0.02123301944399003,24,0.0,1,0,A,JP,Android
23B30310_350,2025-02-27,1,23.752835635891678,32,0.0,1,0,A,JP,iOS
23B30310_351,2025-02-05,2,19.317266418417915,46,0.0,1,0,A,IN,Android
23B30310_352,2025-01-05,2,21.767075621550706,15,0.0,1,1,A,JP,Android
23B30310_353,2025-02-24,0,2.0213002974822665,13,0.0,1,1,B,UK,iOS
23B30310_354,2025-01-30,0,24.808268756862024,45,0.0,0,0,B,JP,iOS
23B30310_355,2025-01-11,1,13.406941916882445,30,0.0,0,0,B,UK,iOS
23B30310_356,2025-01-24,6,24.36600452116989,48,0.8,0,0,B,BR,iOS
23B30310_357,2025-02-04,1,25.357440298120817,43,0.0,0,0,B,US,Android
23B30310_358,2025-01-06,6,14.034115218644509,26,0.0,1,0,B,JP,Android
23B30310_359,2025-02-16,4,26.06698205616125,20,0.0,1,1,A,UK,Android
23B30310_360,2025-01-25,0,17.027102479865185,40,0.0,1,1,A,US,iOS
23B30310_361,2025-01-31,3,17.185663557271244,9,0.0,1,0,B,JP,Android
23B30310_362,2025-01-16,4,10.05991794695353,48,0.0,1,0,B,UK,Android
23B30310_363,2025-02-10,3,3.2430241516727563,13,0.17,1,0,B,BR,iOS
23B30310_364,2025-01-20,2,12.413462510319855,12,0.0,0,0,A,IN,Android
23B30310_365,2025-02-20,8,23.568270763128027,40,0.0,1,0,B,UK,iOS
23B30310_366,2025-02-15,3,25.580199270971484,49,0.0,0,1,A,UK,Android
23B30310_367,2025-01-28,3,6.10273889259442,14,0.0,1,1,A,IN,Android
23B30310_368,2025-02-28,4,10.479631503848648,41,0.0,1,1,B,JP,Android
23B30310_369,2025-01-14,6,30.852938277200217,42,0.0,0,1,B,US,Android
23B30310_370,2025-01-08,6,12.124913301148258,11,0.0,1,1,A,BR,Android
23B30310_371,2025-02-08,2,20.00485046824134,18,0.14,1,0,A,US,Android
23B30310_372,2025-02-14,1,13.729300875875897,31,0.0,1,0,B,JP,iOS
23B30310_373,2025-01-23,4,25.540157272600627,15,0.85,1,1,A,UK,iOS
23B30310_374,2025-01-28,8,21.97304724065884,38,0.0,1,0,B,US,iOS
23B30310_375,2025-01-29,1,22.43173949666856,32,4.57,1,1,A,JP,Android
23B30310_376,2025-02-17,3,14.325768932487815,22,0.0,1,1,A,BR,Android
23B30310_377,2025-02-02,2,24.398445906068048,42,0.0,1,0,A,UK,Android
23B30310_378,2025-01-30,3,20.706827348635105,11,0.0,0,0,B,BR,iOS
23B30310_379,2025-02-14,3,22.362934291909482,11,0.0,1,0,A,IN,Android
23B30310_380,2025-01-26,3,22.02797584121637,9,0.0,0,0,B,US,iOS
23B30310_381,2025-02-28,3,18.758060704059385,42,0.77,0,0,A,IN,iOS
23B30310_382,2025-01-05,3,23.812930973566658,9,0.0,0,1,B,UK,iOS
23B30310_383,2025-01-01,3,12.653505972944245,27,0.0,0,0,A,JP,iOS
23B30310_384,2025-02-13,2,25.78651151060113,48,0.0,1,1,B,BR,Android
23B30310_385,2025-01-31,5,19.71576074888447,38,0.0,1,1,A,JP,iOS
23B30310_386,2025-01-13,1,28.393061617159212,5,0.0,0,0,A,IN,iOS
23B30310_387,2025-02-12,6,22.30281782795088,17,0.0,1,0,A,UK,Android
23B30310_388,2025-01-22,2,10.765834862880718,37,0.0,1,0,A,JP,iOS
23B30310_389,2025-01-28,2,17.443100693548793,21,0.0,1,1,B,US,iOS
23B30310_390,2025-02-16,6,19.342177625803796,12,0.0,1,0,B,US,iOS
23B30310_391,2025-02-26,1,28.677359948365215,10,0.0,1,0,B,BR,iOS
23B30310_392,2025-01-21,1,15.837191327104339,30,0.32,1,1,B,BR,iOS
23B30310_393,2025-02-03,4,36.57898321364819,5,0.0,1,1,B,US,iOS
23B30310_394,2025-01-24,1,20.443962707135842,18,0.0,0,1,A,US,Android
23B30310_395,2025-01-12,4,14.531774176979171,31,0.0,1,0,A,IN,iOS
23B30310_396,2025-02-03,4,20.17020907808767,37,0.0,1,0,A,US,iOS
23B30310_397,2025-02-23,4,17.903351689747616,21,0.08,1,1,A,IN,Android
23B30310_398,2025-01-03,0,23.47789410828728,17,0.0,0,1,A,BR,Android
23B30310_399,2025-01-19,2,20.769093999888884,26,1.09,1,0,A,US,iOS
23B30310_400,2025-01-16,3,20.554621599612467,49,0.0,1,1,B,IN,iOS
23B30310_401,2025-01-11,6,17.792761990910723,30,0.0,0,0,B,UK,Android
23B30310_402,2025-01-09,1,16.34876480339317,31,1.83,0,1,A,IN,iOS
23B30310_403,2025-01-19,2,25.923665219120412,10,0.0,0,1,A,IN,iOS
23B30310_404,2025-02-21,4,35.23345829851252,7,0.63,1,0,A,UK,iOS
23B30310_405,2025-02-18,10,13.945739806763335,18,0.0,1,1,A,BR,Android
23B30310_406,2025-01-07,2,9.663995897422543,18,0.0,0,1,A,UK,iOS
23B30310_407,2025-02-02,7,21.89245014802798,11,0.0,0,0,B,IN,iOS
23B30310_408,2025-01-25,5,28.263658259877953,22,0.73,1,1,B,IN,Android
23B30310_409,2025-02-13,6,26.24620165930265,42,0.0,1,0,B,JP,Android
23B30310_410,2025-01-19,1,3.119464700125878,45,0.0,1,1,B,IN,iOS
23B30310_411,2025-01-13,5,20.3968758129111,30,0.64,0,0,A,JP,iOS
23B30310_412,2025-01-01,6,22.814697111599948,41,0.0,1,0,B,US,iOS
23B30310_413,2025-01-26,4,23.069722971747797,14,1.35,1,0,B,BR,iOS
23B30310_414,2025-02-02,0,23.301751311382716,37,0.0,1,0,B,BR,Android
23B30310_415,2025-03-01,4,12.673952048259736,30,0.0,0,0,B,BR,iOS
23B30310_416,2025-01-17,1,23.648984256140082,22,0.0,1,0,B,US,iOS
23B30310_417,2025-01-25,5,16.198499769410844,29,0.0,1,0,B,UK,iOS
23B30310_418,2025-02-26,3,13.648785558522743,41,0.0,1,0,A,JP,Android
23B30310_419,2025-02-23,4,28.886775021251367,39,0.0,1,0,B,IN,Android
23B30310_420,2025-02-06,2,34.86904511629173,21,2.39,1,0,B,UK,iOS
23B30310_421,2025-01-27,5,20.804669931176665,30,0.0,0,1,A,IN,Android
23B30310_422,2025-01-20,1,20.987188091779835,35,0.0,0,1,A,UK,Android
23B30310_423,2025-02-22,4,7.501431586142543,38,0.0,1,0,A,BR,iOS
23B30310_424,2025-02-16,7,31.04182955627387,18,0.71,1,0,B,BR,Android
23B30310_425,2025-02-14,2,20.07224784585352,23,0.0,1,1,A,IN,Android
23B30310_426,2025-02-26,4,15.170260502248674,16,0.0,1,0,B,IN,Android
23B30310_427,2025-01-30,3,12.206107230259436,25,0.0,1,0,B,UK,iOS
23B30310_428,2025-01-08,6,22.69907147233475,38,0.0,1,1,B,IN,Android
23B30310_429,2025-03-01,1,9.506935901166846,35,2.73,0,0,B,JP,iOS
23B30310_430,2025-01-01,2,20.028677806969274,12,0.0,0,0,B,BR,iOS
23B30310_431,2025-02-27,1,10.642335226358085,20,0.0,0,1,A,JP,Android
23B30310_432,2025-01-01,3,20.44191669626304,19,0.0,1,1,A,UK,Android
23B30310_433,2025-01-12,5,28.558300615474376,24,0.0,1,0,B,UK,Android
23B30310_434,2025-02-06,1,19.426867481068115,20,0.0,1,1,A,IN,Android
23B30310_435,2025-02-03,3,17.2897661229201,47,0.0,1,1,A,BR,iOS
23B30310_436,2025-02-27,1,13.898797953512437,45,0.0,1,0,A,UK,Android
23B30310_437,2025-02-14,3,13.786497444235708,39,0.0,1,1,A,JP,iOS
23B30310_438,2025-01-02,1,15.228077904542912,39,0.22,1,1,A,JP,Android
23B30310_439,2025-02-18,3,15.050929776507058,15,0.0,0,1,A,IN,iOS
23B30310_440,2025-03-01,3,18.12652191824073,29,0.0,1,0,A,JP,iOS
23B30310_441,2025-01-28,2,5.512015699438788,5,0.0,1,0,A,JP,Android
23B30310_442,2025-01-15,4,4.0296234809990885,20,0.0,1,1,A,UK,iOS
23B30310_443,2025-01-23,5,24.196590132431325,42,0.0,0,0,A,UK,iOS
23B30310_444,2025-02-26,6,16.177544285487116,49,0.0,0,1,A,UK,iOS
23B30310_445,2025-02-16,3,7.0289359641278075,14,0.0,1,1,B,UK,iOS
23B30310_446,2025-02-24,3,9.175858574432397,13,0.0,1,0,A,IN,Android
23B30310_447,2025-02-06,2,29.213649291044277,35,0.78,1,0,B,IN,iOS
23B30310_448,2025-02-17,0,25.396090435159692,11,5.54,1,0,A,IN,Android
23B30310_449,2025-01-10,3,24.683260740268977,45,1.16,0,1,B,UK,iOS
23B30310_450,2025-02-14,5,14.680650887796467,46,0.0,1,0,A,JP,iOS
23B30310_451,2025-01-02,4,28.54208206810324,24,0.0,1,1,B,BR,Android
23B30310_452,2025-02-08,4,17.648656745312586,10,1.72,1,1,B,JP,iOS
23B30310_453,2025-01-10,2,32.488125483592874,28,1.96,0,0,B,US,Android
23B30310_454,2025-01-29,1,15.255410002608539,47,0.0,1,1,A,BR,Android
23B30310_455,2025-01-30,4,22.388909558529193,9,0.0,1,1,A,IN,iOS
23B30310_456,2025-02-01,4,30.608381091908555,6,0.0,1,1,B,JP,Android
23B30310_457,2025-01-07,2,2.6964362446762706,27,0.0,1,0,A,UK,iOS
23B30310_458,2025-02-25,1,12.55820174861403,43,1.19,1,1,B,UK,Android
23B30310_459,2025-02-21,6,20.100069282078948,28,0.0,1,1,B,US,iOS
23B30310_460,2025-01-03,3,7.045242376763371,23,0.0,1,0,A,BR,iOS
23B30310_461,2025-02-26,5,23.827520912141125,19,0.0,1,0,B,IN,Android
23B30310_462,2025-01-08,4,16.041057611450135,25,0.0,1,0,A,IN,Android
23B30310_463,2025-02-08,3,15.071776458344612,45,0.0,1,1,B,JP,iOS
23B30310_464,2025-01-15,3,12.6368419349815,15,0.77,1,0,A,IN,iOS
23B30310_465,2025-01-20,5,32.91649315823637,33,0.0,1,1,B,JP,iOS
23B30310_466,2025-02-06,3,30.911414300285625,47,0.0,1,0,B,US,iOS
23B30310_467,2025-02-06,3,26.2523550203139,42,0.0,1,1,A,IN,Android
23B30310_468,2025-01-28,4,13.12063914109403,5,0.29,1,1,B,UK,iOS
23B30310_469,2025-02-18,2,27.11647650110301,42,0.0,1,1,B,US,Android
23B30310_470,2025-02-12,5,12.538822353609174,34,0.0,1,1,B,JP,Android
23B30310_471,2025-02-19,2,31.471933542125726,11,0.0,1,1,B,BR,Android
23B30310_472,2025-01-15,2,25.402987851668602,39,4.18,1,1,A,UK,iOS
23B30310_473,2025-01-24,4,8.535211952408822,23,0.0,0,0,A,UK,iOS
23B30310_474,2025-02-26,3,30.379577187352396,29,0.0,0,0,B,BR,iOS
23B30310_475,2025-01-24,4,28.550559087891596,17,1.61,1,1,A,JP,Android
23B30310_476,2025-01-26,2,19.15393338583023,20,0.0,0,1,B,US,iOS
23B30310_477,2025-01-05,1,24.006550760820254,41,0.0,1,1,B,JP,Android
23B30310_478,2025-01-12,3,20.175961238557186,30,0.0,1,0,B,BR,Android
23B30310_479,2025-03-01,0,23.34725036257647,40,0.0,1,0,A,US,Android
23B30310_480,2025-01-21,1,20.72691512068674,42,0.0,1,0,B,US,iOS
23B30310_481,2025-03-01,6,26.15341571118455,8,0.0,1,0,A,UK,Android
23B30310_482,2025-02-17,3,28.296948373023294,49,0.0,1,1,B,JP,iOS
23B30310_483,2025-01-30,2,23.646504885517107,21,0.13,0,0,A,IN,iOS
23B30310_484,2025-01-21,3,21.334257903639227,9,0.0,1,1,A,US,Android
23B30310_485,2025-01-30,4,17.76124335768075,25,0.0,1,1,A,IN,Android
23B30310_486,2025-01-19,3,26.905844340528024,25,0.0,1,1,B,JP,iOS
23B30310_487,2025-02-07,3,24.566336864943782,12,0.0,1,0,B,US,iOS
23B30310_488,2025-01-10,2,12.749729632697218,25,0.0,1,1,A,IN,Android
23B30310_489,2025-01-18,1,21.48797716674115,29,0.0,1,0,A,UK,iOS
23B30310_490,2025-01-23,4,16.94061893722248,43,3.57,1,1,B,BR,iOS
23B30310_491,2025-02-12,3,20.41643699480583,13,0.64,1,0,A,JP,Android
23B30310_492,2025-01-07,2,5.074205165011913,14,0.46,1,0,B,US,Android
23B30310_493,2025-01-11,2,14.029257638718365,43,1.68,1,0,A,US,iOS
23B30310_494,2025-01-05,3,20.648698499409242,26,1.6,1,0,A,US,iOS
23B30310_495,2025-02-20,5,26.472255591775472,45,0.0,1,0,A,IN,Android
23B30310_496,2025-01-16,2,23.426278908858954,19,2.06,1,1,B,BR,iOS
23B30310_497,2025-01-29,3,19.7190362643406,24,0.53,0,0,B,UK,iOS
23B30310_498,2025-01-18,8,14.68745401707032,17,1.43,0,1,B,BR,Android
23B30310_499,2025-01-05,1,10.795276325685283,11,0.0,1,1,A,JP,iOS
23B30310_500,2025-02-03,4,28.976692456814753,16,0.0,1,1,B,UK,Android
23B30310_501,2025-02-26,3,17.634521572039226,40,0.0,1,0,A,UK,iOS
23B30310_502,2025-02-17,3,25.164390028482373,16,0.0,1,0,A,UK,Android
23B30310_503,2025-01-08,2,18.92617249137042,41,0.0,0,0,A,UK,iOS
23B30310_504,2025-01-21,6,18.00224680758451,36,0.0,1,0,B,IN,Android
23B30310_505,2025-02-11,5,11.647629524526687,12,0.0,1,0,A,JP,iOS
23B30310_506,2025-01-15,2,23.878759550165817,21,0.0,0,0,A,BR,Android
23B30310_507,2025-01-30,1,29.02527597947053,37,0.0,0,0,A,JP,Android
23B30310_508,2025-01-11,2,26.318271783211646,39,0.0,1,0,A,UK,Android
23B30310_509,2025-01-28,2,21.132183875200575,46,0.0,0,1,B,UK,Android
23B30310_510,2025-01-21,4,9.014988782815013,47,0.0,0,0,A,BR,iOS
23B30310_511,2025-02-05,4,35.502694753352856,25,0.0,1,0,B,UK,iOS
23B30310_512,2025-01-30,4,10.001415138238041,14,0.0,1,0,B,IN,Android
23B30310_513,2025-02-27,5,11.118861551791364,29,0.0,0,1,B,JP,iOS
23B30310_514,2025-01-16,1,26.070890895138536,24,0.0,1,0,A,IN,Android
23B30310_515,2025-02-08,4,24.305295970831654,33,0.0,1,0,B,IN,Android
23B30310_516,2025-01-30,2,12.742954354196593,10,0.0,0,1,A,UK,Android
23B30310_517,2025-01-28,3,21.083027590667093,14,0.0,0,0,B,UK,Android
23B30310_518,2025-02-20,3,9.629210303745415,24,0.0,1,0,A,UK,iOS
23B30310_519,2025-02-24,4,9.495410333162786,25,0.0,0,1,B,JP,iOS
23B30310_520,2025-01-08,7,22.252873630452946,6,0.0,1,0,A,BR,Android
23B30310_521,2025-02-08,5,26.99713486483313,24,0.0,1,1,A,BR,Android
23B30310_522,2025-02-01,3,15.089900795335058,8,0.0,0,0,A,IN,Android
23B30310_523,2025-01-23,3,17.43048217631744,49,2.54,1,1,B,US,Android
23B30310_524,2025-02-19,2,31.839477478333215,17,0.0,1,1,A,UK,Android
23B30310_525,2025-02-03,4,25.127393029146358,18,0.9,1,0,A,US,iOS
23B30310_526,2025-03-01,3,16.282107261926697,16,0.0,0,0,A,BR,Android
23B30310_527,2025-01-27,6,20.05940879329781,5,0.0,0,1,A,UK,Android
23B30310_528,2025-02-28,2,23.521620704193605,24,0.0,1,0,B,BR,iOS
23B30310_529,2025-01-02,3,21.14022658350413,21,0.0,0,0,B,US,Android
23B30310_530,2025-02-17,2,15.475197942295413,24,0.0,1,1,A,UK,iOS
23B30310_531,2025-01-09,7,16.228079365625714,19,0.0,1,0,A,IN,Android
23B30310_532,2025-01-10,3,25.449653840825253,47,0.0,0,1,B,UK,Android
23B30310_533,2025-02-24,3,26.739061199095886,32,0.0,0,0,B,US,iOS
23B30310_534,2025-02-02,2,2.8528985285838893,10,0.0,0,1,A,BR,Android
23B30310_535,2025-01-20,4,15.159263530176819,38,0.0,0,1,A,UK,iOS
23B30310_536,2025-02-06,7,28.481604604965426,22,3.56,1,0,A,IN,Android
23B30310_537,2025-01-08,5,14.274923482547322,28,2.04,0,0,A,US,Android
23B30310_538,2025-02-13,1,20.567218520883603,15,0.0,0,0,B,UK,iOS
23B30310_539,2025-01-19,1,28.422595190337915,35,0.0,0,0,A,IN,iOS
23B30310_540,2025-01-19,6,30.533614010626223,30,0.07,1,0,B,BR,iOS
23B30310_541,2025-01-30,2,39.59851289384791,36,1.16,1,1,B,US,iOS
23B30310_542,2025-01-13,3,32.33010555299223,40,0.0,1,1,B,BR,Android
23B30310_543,2025-02-23,2,26.396340525714866,39,0.0,0,0,B,US,Android
23B30310_544,2025-02-26,4,29.78119153873456,8,0.0,0,0,B,US,Android
23B30310_545,2025-02-07,3,0.7984753466688908,12,0.0,1,0,A,JP,iOS
23B30310_546,2025-02-20,4,22.93338943633033,35,0.0,1,0,B,BR,Android
23B30310_547,2025-01-29,2,22.30331458886372,9,0.0,1,1,A,US,iOS
23B30310_548,2025-02-05,4,5.5001740728648265,20,0.0,1,0,B,BR,Android
23B30310_549,2025-01-23,8,19.68626193813446,22,0.0,1,1,A,JP,iOS
23B30310_550,2025-01-21,1,27.991489233755043,10,1.41,1,0,B,JP,Android
23B30310_551,2025-01-03,5,11.993338379949043,36,1.41,0,1,B,UK,Android
23B30310_552,2025-01-25,3,23.07484005453913,29,1.1,1,1,B,UK,Android
23B30310_553,2025-01-02,3,12.24980590066207,21,0.0,1,1,A,US,iOS
23B30310_554,2025-02-18,4,19.645788078149717,38,0.12,1,1,B,JP,iOS
23B30310_555,2025-02-09,1,15.935084725216356,36,0.0,1,0,A,UK,iOS
23B30310_556,2025-01-08,1,13.788197480131068,5,0.0,0,1,B,UK,iOS
23B30310_557,2025-02-13,3,26.745610293911653,20,0.6,1,0,A,US,iOS
23B30310_558,2025-01-05,3,39.73821933160879,41,0.0,1,0,B,US,Android
23B30310_559,2025-01-04,3,11.053029095420465,49,0.0,0,1,B,BR,iOS
23B30310_560,2025-01-14,4,17.667793979267486,28,0.29,1,1,B,US,iOS
23B30310_561,2025-01-15,1,23.56767896691341,44,0.0,1,0,A,US,iOS
23B30310_562,2025-02-16,3,9.99681043192802,10,0.0,1,1,B,UK,iOS
23B30310_563,2025-02-22,6,18.93101347436162,48,15.98,1,0,A,US,iOS
23B30310_564,2025-02-06,2,38.15781428096342,30,0.0,1,0,A,UK,Android
23B30310_565,2025-01-18,2,17.304107357839563,17,0.07,0,1,A,UK,Android
23B30310_566,2025-02-13,4,14.395482008671404,43,1.21,0,0,A,US,Android
23B30310_567,2025-02-07,2,16.293726777503103,22,4.31,0,0,B,IN,iOS
23B30310_568,2025-01-21,1,31.194318164590253,24,0.0,1,0,A,BR,iOS
23B30310_569,2025-01-11,4,35.968106631017534,25,0.0,0,1,B,UK,iOS
23B30310_570,2025-01-13,3,11.408039821062111,24,0.0,1,0,A,IN,Android
23B30310_571,2025-02-27,3,32.979087033956745,32,0.0,1,0,B,US,Android
23B30310_572,2025-01-10,1,31.723326230859776,22,0.16,1,0,B,BR,Android
23B30310_573,2025-01-07,3,22.32589701062976,5,0.0,1,0,A,JP,iOS
23B30310_574,2025-02-25,7,17.30095811064522,25,0.0,0,0,B,US,Android
23B30310_575,2025-01-21,1,17.092280082269674,35,0.0,0,0,A,BR,iOS
23B30310_576,2025-01-10,4,27.456521095025273,13,0.0,1,0,B,BR,Android
23B30310_577,2025-01-06,1,25.516763517022497,32,0.0,1,0,A,BR,Android
23B30310_578,2025-02-05,4,13.280798234018524,15,0.0,1,1,B,UK,Android
23B30310_579,2025-01-21,4,19.642821618195367,37,0.0,0,0,A,US,iOS
23B30310_580,2025-02-11,3,12.406756712270118,24,0.0,1,1,A,IN,iOS
23B30310_581,2025-02-10,4,18.36203009543866,29,0.0,0,1,B,JP,Android
23B30310_582,2025-01-05,2,20.53365950097588,27,3.22,1,1,A,IN,iOS
23B30310_583,2025-01-01,0,17.158523606899767,23,0.0,0,1,A,IN,iOS
23B30310_584,2025-01-26,1,21.315364214888067,30,1.12,0,1,A,JP,iOS
23B30310_585,2025-02-27,6,31.83518248661972,14,0.48,0,1,B,BR,iOS
23B30310_586,2025-02-22,8,6.384212863134103,6,0.0,0,1,A,UK,iOS
23B30310_587,2025-02-08,6,15.37521182140714,46,0.28,1,0,A,US,Android
23B30310_588,2025-01-09,2,17.836681907821475,18,0.0,0,1,B,US,iOS
23B30310_589,2025-01-15,1,15.343768780688297,41,0.0,1,1,B,US,Android
23B30310_590,2025-01-13,5,19.818337847585834,36,0.0,0,0,B,UK,Android
23B30310_591,2025-01-04,0,26.196046707471428,34,0.0,1,0,A,US,iOS
23B30310_592,2025-01-10,3,9.885634867332435,27,0.0,1,0,B,IN,Android
23B30310_593,2025-01-21,4,26.648387941037228,29,0.0,1,1,B,BR,Android
23B30310_594,2025-02-12,0,20.497808387276546,29,0.0,0,0,B,BR,Android
23B30310_595,2025-01-28,4,24.415326242396404,35,0.0,1,0,B,BR,Android
23B30310_596,2025-01-06,1,16.53972929590004,45,0.0,0,0,A,UK,Android
23B30310_597,2025-01-18,4,17.191943536630014,27,1.7,1,0,B,IN,Android
23B30310_598,2025-01-13,2,17.377102242475498,18,0.0,1,0,B,UK,Android
23B30310_599,2025-01-30,1,41.95567036283653,23,1.15,0,1,A,UK,Android
23B30310_600,2025-01-03,0,20.75372867756194,39,0.5,1,0,A,UK,Android
23B30310_601,2025-02-26,4,14.497280809710695,46,0.25,1,0,B,US,Android
23B30310_602,2025-01-20,4,2.5076119201193805,26,0.0,0,0,A,IN,iOS
23B30310_603,2025-02-09,5,28.62598249189277,17,0.0,1,0,B,UK,Android
23B30310_604,2025-01-12,3,26.75637171796437,13,6.6,1,1,B,UK,Android
23B30310_605,2025-01-29,1,26.035899129948188,25,0.0,0,1,A,BR,Android
23B30310_606,2025-02-06,8,15.579113614420946,29,0.0,1,0,B,JP,Android
23B30310_607,2025-02-20,5,22.771414923169292,9,0.0,1,0,A,JP,Android
23B30310_608,2025-02-20,5,23.14058712955535,47,0.0,1,1,A,UK,Android
23B30310_609,2025-01-07,2,13.918581476065675,8,0.0,1,0,B,BR,iOS
23B30310_610,2025-01-20,5,19.515964005370513,29,3.69,1,0,B,JP,iOS
23B30310_611,2025-01-08,5,34.084263169486675,43,0.44,1,1,B,UK,Android
23B30310_612,2025-02-27,5,13.612619071708028,42,0.0,1,1,B,BR,Android
23B30310_613,2025-01-12,2,21.35265666453564,10,1.99,1,0,B,IN,iOS
23B30310_614,2025-01-01,1,19.381660496686845,11,0.0,1,1,A,IN,Android
23B30310_615,2025-02-06,6,4.6508104484137505,39,0.0,1,0,A,UK,iOS
23B30310_616,2025-01-27,4,23.65120631464836,49,0.0,1,0,A,UK,iOS
23B30310_617,2025-01-06,5,30.202638638265878,47,0.0,1,1,A,JP,Android
23B30310_618,2025-01-01,2,22.474436989423932,33,0.0,0,1,A,IN,Android
23B30310_619,2025-02-07,3,18.379765469317938,28,0.0,1,1,B,JP,iOS
23B30310_620,2025-02-23,0,25.113791018652698,9,0.0,1,1,A,IN,iOS
23B30310_621,2025-01-07,1,21.577949911879163,45,0.0,0,0,B,UK,Android
23B30310_622,2025-02-22,10,22.99771528742287,48,0.0,0,1,A,UK,Android
23B30310_623,2025-01-13,3,5.423042699393946,44,1.49,1,0,A,BR,iOS
23B30310_624,2025-02-07,3,27.657508760717185,24,0.0,1,0,B,UK,Android
23B30310_625,2025-02-25,1,26.41063204213366,30,0.0,1,0,A,US,iOS
23B30310_626,2025-02-12,3,14.085939170871585,35,0.0,0,1,B,BR,iOS
23B30310_627,2025-01-14,4,31.834674186753347,44,1.97,0,0,A,JP,iOS
23B30310_628,2025-02-17,3,30.743241242390415,27,0.0,1,1,A,IN,Android
23B30310_629,2025-02-05,1,18.643239523226793,46,0.72,1,1,A,JP,Android
23B30310_630,2025-01-16,2,27.827054051552988,49,0.0,1,1,B,UK,Android
23B30310_631,2025-01-04,4,22.974847825235514,46,0.0,1,0,A,BR,iOS
23B30310_632,2025-02-08,2,18.506922695737934,21,0.0,0,1,A,US,iOS
23B30310_633,2025-02-18,3,27.153358366741585,41,0.0,1,1,B,UK,iOS
23B30310_634,2025-01-02,6,25.16223145009816,45,0.0,1,0,B,UK,iOS
23B30310_635,2025-01-16,3,14.47290857388909,6,2.34,1,1,B,BR,Android
23B30310_636,2025-02-07,2,25.290520382362235,5,2.88,0,1,A,UK,iOS
23B30310_637,2025-02-12,3,21.42847098982108,24,0.0,0,1,A,JP,iOS
23B30310_638,2025-01-28,2,18.54506205927237,18,0.0,1,0,A,BR,Android
23B30310_639,2025-01-14,4,11.65049906947396,25,0.0,1,0,B,UK,iOS
23B30310_640,2025-02-20,4,12.620399676184178,43,0.0,1,0,B,UK,iOS
23B30310_641,2025-01-06,5,19.672814287319216,16,0.0,1,0,A,IN,Android
23B30310_642,2025-01-16,2,15.208900227635734,40,0.0,1,1,B,US,iOS
23B30310_643,2025-01-10,3,21.44602663462859,34,0.0,1,0,B,IN,Android
23B30310_644,2025-01-10,3,19.90942540514242,15,0.0,1,1,B,BR,iOS
23B30310_645,2025-02-18,3,26.919960669333964,17,1.28,1,1,A,BR,iOS
23B30310_646,2025-02-13,2,17.594624439551424,36,0.0,1,1,B,IN,iOS
23B30310_647,2025-01-03,8,22.842613409069347,15,0.0,1,0,B,UK,Android
23B30310_648,2025-02-01,3,11.59556963255615,18,1.58,0,0,B,US,iOS
23B30310_649,2025-02-15,3,22.32477069731121,36,3.95,0,0,A,US,Android
23B30310_650,2025-02-06,1,6.355758441240155,47,0.38,1,0,B,BR,Android
23B30310_651,2025-02-04,5,10.13082523756613,40,0.0,1,1,A,JP,iOS
23B30310_652,2025-02-20,5,17.131182853641285,11,0.0,1,0,B,BR,iOS
23B30310_653,2025-03-01,4,39.67211233646337,5,0.0,1,1,B,BR,iOS
23B30310_654,2025-02-24,3,24.94928047341682,5,0.0,1,0,B,JP,Android
23B30310_655,2025-01-03,5,30.42026149777504,29,0.0,0,1,A,JP,Android
23B30310_656,2025-02-21,4,24.472245230973837,12,0.0,1,1,B,JP,iOS
23B30310_657,2025-01-13,1,18.747916261685965,27,0.0,1,0,B,UK,iOS
23B30310_658,2025-02-14,6,12.52630004375894,32,0.0,1,0,A,IN,iOS
23B30310_659,2025-01-17,3,21.217555554269342,6,0.0,1,0,B,UK,iOS
23B30310_660,2025-02-11,0,2.325723288429561,35,0.0,1,0,B,JP,Android
23B30310_661,2025-02-17,4,23.796901481098043,15,0.0,0,1,B,IN,Android
23B30310_662,2025-01-21,4,3.554263181388393,47,0.0,1,1,B,BR,Android
23B30310_663,2025-02-02,2,24.590409071728228,41,0.0,0,1,A,US,Android
23B30310_664,2025-02-02,2,25.82948187539878,35,0.0,1,1,B,US,Android
23B30310_665,2025-02-13,4,17.179427404859506,19,0.0,1,0,A,BR,iOS
23B30310_666,2025-02-26,3,7.420109757217412,8,0.0,1,0,B,IN,Android
23B30310_667,2025-01-26,2,17.26963863816025,7,0.0,1,0,B,BR,iOS
23B30310_668,2025-01-09,2,17.59803584606665,32,0.05,1,0,A,US,Android
23B30310_669,2025-01-24,5,10.426033037968534,28,0.0,0,1,A,BR,iOS
23B30310_670,2025-02-26,1,29.817684202964205,21,1.46,1,1,A,JP,Android
23B30310_671,2025-01-03,2,16.963313317392014,26,0.9,1,1,B,US,Android
23B30310_672,2025-01-14,1,25.902501642017725,24,0.0,1,0,B,BR,Android
23B30310_673,2025-02-12,3,19.94596359842593,16,0.0,1,1,A,JP,iOS
23B30310_674,2025-02-24,2,17.15578323627411,6,0.0,1,0,B,BR,iOS
23B30310_675,2025-01-12,2,15.435341006237053,22,1.69,1,0,A,UK,iOS
23B30310_676,2025-01-25,3,16.452086243454765,27,1.9,1,1,A,IN,Android
23B30310_677,2025-02-04,4,32.11683334743122,26,0.0,1,0,B,US,iOS
23B30310_678,2025-02-12,4,31.041195601680442,18,0.0,0,0,B,IN,iOS
23B30310_679,2025-01-18,2,9.296954711356149,38,0.0,1,0,A,BR,iOS
23B30310_680,2025-02-18,6,20.82777698312078,33,0.0,1,0,A,UK,Android
23B30310_681,2025-01-27,3,21.63766941765216,8,0.0,1,1,A,JP,Android
23B30310_682,2025-01-12,3,28.40823564266072,29,0.0,0,1,B,JP,Android
23B30310_683,2025-01-15,3,23.4929636364139,8,0.0,1,0,B,BR,Android
23B30310_684,2025-03-01,6,9.251334635668881,18,0.74,0,0,B,BR,Android
23B30310_685,2025-02-28,2,38.18809861649069,10,4.43,1,1,A,US,iOS
23B30310_686,2025-01-16,5,6.741622098366536,43,0.0,1,0,B,BR,iOS
23B30310_687,2025-02-16,3,16.66626049579117,41,0.49,1,1,B,JP,Android
23B30310_688,2025-02-07,1,18.572141311640422,15,0.0,0,0,A,UK,iOS
23B30310_689,2025-02-22,2,21.292011342761555,7,0.0,0,0,A,JP,iOS
23B30310_690,2025-02-21,4,8.839452131104474,33,0.0,0,0,B,BR,iOS
23B30310_691,2025-02-28,0,24.308510509986732,27,0.0,0,1,A,IN,iOS
23B30310_692,2025-02-22,5,29.39387203099558,22,0.0,0,0,A,UK,Android
23B30310_693,2025-01-06,4,9.568487317879539,45,0.0,1,1,A,US,iOS
23B30310_694,2025-01-17,3,12.313756795544709,19,1.93,0,0,A,UK,iOS
23B30310_695,2025-02-25,4,16.35826773328695,38,0.0,1,1,B,US,Android
23B30310_696,2025-01-06,5,5.397093378430798,36,0.57,0,0,B,US,iOS
23B30310_697,2025-01-16,3,23.81879022494308,27,0.0,1,1,B,BR,iOS
23B30310_698,2025-02-12,4,29.015969045373453,28,0.0,1,0,A,US,Android
23B30310_699,2025-01-22,2,27.878410984656742,40,0.0,1,0,B,US,Android
23B30310_700,2025-01-17,2,32.22533923302109,46,0.0,1,1,B,JP,iOS
23B30310_701,2025-01-24,2,13.832048945663484,23,0.0,1,1,A,JP,Android
23B30310_702,2025-02-25,2,6.565857069131576,45,0.0,1,0,A,JP,Android
23B30310_703,2025-01-06,3,13.34759428390673,19,4.91,1,0,B,JP,Android
23B30310_704,2025-01-31,2,18.46413498500666,45,0.0,1,0,B,US,iOS
23B30310_705,2025-02-22,3,3.700493316703394,48,0.0,1,0,B,UK,Android
23B30310_706,2025-02-25,3,26.07490260362408,14,0.0,1,0,B,JP,Android
23B30310_707,2025-02-07,5,27.627597741850074,48,0.0,0,0,B,US,iOS
23B30310_708,2025-01-17,2,19.53168880225955,32,0.0,1,1,A,BR,iOS
23B30310_709,2025-03-01,2,16.418354518106508,21,1.98,1,1,A,JP,Android
23B30310_710,2025-01-14,2,27.81947994158386,24,0.94,1,0,B,UK,Android
23B30310_711,2025-02-27,3,12.103721703818131,30,0.61,1,0,B,JP,Android
23B30310_712,2025-01-18,1,20.19571274001415,9,0.0,1,0,A,JP,iOS
23B30310_713,2025-02-14,2,10.841092627057707,8,0.0,0,0,A,UK,iOS
23B30310_714,2025-02-23,4,17.142736684358233,30,7.26,1,1,A,UK,Android
23B30310_715,2025-02-09,1,28.37843885716483,10,0.0,1,0,A,IN,Android
23B30310_716,2025-02-23,3,25.513558682786254,19,0.0,1,1,B,IN,Android
23B30310_717,2025-01-29,3,22.87455562561634,20,0.0,0,0,A,US,Android
23B30310_718,2025-01-01,2,29.79971832524751,49,0.0,1,1,B,IN,Android
23B30310_719,2025-01-02,1,22.825133288956753,37,0.0,1,0,B,UK,Android
23B30310_720,2025-01-13,2,12.122146755156567,14,0.2,1,0,A,US,iOS
23B30310_721,2025-01-22,2,9.960337116669054,11,0.0,1,0,A,IN,Android
23B30310_722,2025-02-13,6,17.47901012379782,17,0.0,0,1,B,IN,iOS
23B30310_723,2025-01-13,3,18.719139348051673,38,0.0,0,0,B,UK,Android
23B30310_724,2025-01-11,1,20.911363566997675,43,0.0,0,1,A,UK,Android
23B30310_725,2025-02-16,1,25.508346865177185,14,1.54,1,0,A,US,iOS
23B30310_726,2025-02-22,1,16.845870928612023,49,0.0,0,1,B,US,iOS
23B30310_727,2025-02-19,3,21.986262667907667,35,0.0,1,1,A,JP,Android
23B30310_728,2025-02-02,2,13.66141755589328,13,0.09,1,0,A,JP,iOS
23B30310_729,2025-03-01,4,7.504740078949126,36,1.15,1,0,B,BR,Android
23B30310_730,2025-01-10,2,2.914480879951107,25,1.92,1,1,A,UK,Android
23B30310_731,2025-02-11,2,25.812979938882766,8,0.0,1,0,A,US,iOS
23B30310_732,2025-02-09,8,6.2038647650914935,20,0.0,1,0,B,BR,Android
23B30310_733,2025-02-09,0,7.268669914954767,37,0.0,1,0,B,US,Android
23B30310_734,2025-02-22,0,10.09276690419651,29,0.0,0,0,B,IN,iOS
23B30310_735,2025-02-01,2,10.992780339086952,25,0.0,1,1,A,US,Android
23B30310_736,2025-02-10,3,10.146186584205719,11,0.0,1,0,B,JP,Android
23B30310_737,2025-02-16,1,14.90122921768637,33,0.0,1,1,B,UK,iOS
23B30310_738,2025-01-30,3,18.8231811650738,14,2.68,0,1,A,JP,Android
23B30310_739,2025-01-13,8,14.56157085993966,19,0.05,1,1,A,UK,Android
23B30310_740,2025-02-11,6,21.516342215860178,34,0.0,1,0,B,BR,iOS
23B30310_741,2025-01-28,2,24.596759939652063,32,0.0,1,0,B,UK,Android
23B30310_742,2025-02-21,5,21.14087842093601,12,0.0,0,0,A,BR,Android
23B30310_743,2025-01-02,5,26.60157765994182,19,0.58,0,1,B,US,iOS
23B30310_744,2025-02-17,5,25.198303117970283,15,2.2,1,0,B,UK,Android
23B30310_745,2025-01-27,2,22.439926624569157,43,0.0,0,0,A,JP,iOS
23B30310_746,2025-02-14,5,16.207036636255626,18,2.16,1,1,B,BR,Android
23B30310_747,2025-02-27,2,18.5457413127078,25,1.46,1,0,A,BR,iOS
23B30310_748,2025-01-20,3,25.69756233956717,11,0.0,1,0,A,US,Android
23B30310_749,2025-02-04,4,23.775392498334163,8,2.05,0,1,A,JP,Android
23B30310_750,2025-02-20,4,15.765670950945875,6,0.0,0,1,A,IN,iOS
23B30310_751,2025-02-21,5,13.324453617653457,12,0.0,1,0,A,UK,iOS
23B30310_752,2025-01-28,1,26.255549563920045,31,0.0,1,0,B,BR,Android
23B30310_753,2025-01-22,5,23.36899001036374,37,0.0,0,0,B,UK,iOS
23B30310_754,2025-01-25,3,13.614054835012649,8,0.0,1,0,B,BR,iOS
23B30310_755,2025-01-14,2,22.736751627939455,17,0.0,1,1,A,IN,Android
23B30310_756,2025-02-26,2,29.271707348821288,43,0.0,1,1,A,UK,Android
23B30310_757,2025-02-16,3,18.84273744926976,9,0.0,1,1,A,BR,Android
23B30310_758,2025-02-06,9,27.973637143936052,28,0.81,1,0,A,US,iOS
23B30310_759,2025-01-18,1,19.036705799136804,23,0.0,1,0,B,UK,Android
23B30310_760,2025-01-03,0,16.762340397406074,30,0.0,1,0,A,IN,Android
23B30310_761,2025-01-07,2,16.310902640173644,9,0.41,1,0,A,US,iOS
23B30310_762,2025-02-07,2,13.22246478339595,20,0.0,1,0,B,JP,iOS
23B30310_763,2025-01-19,3,24.582674388387442,41,0.0,1,0,B,US,iOS
23B30310_764,2025-03-01,2,2.106359157405109,15,0.0,1,0,B,UK,Android
23B30310_765,2025-02-24,7,28.31757875802975,34,0.0,1,0,A,US,iOS
23B30310_766,2025-01-13,3,18.01760730979989,11,0.0,1,1,B,BR,iOS
23B30310_767,2025-01-16,4,28.402156683743804,21,2.08,0,1,A,BR,Android
23B30310_768,2025-02-12,4,24.259012708286562,40,0.0,0,0,A,JP,iOS
23B30310_769,2025-02-05,0,30.873996718403824,15,0.0,1,1,A,JP,Android
23B30310_770,2025-02-05,1,24.850695931096656,27,0.0,0,0,B,UK,iOS
23B30310_771,2025-01-01,1,15.384649074784086,6,0.0,0,0,B,JP,iOS
23B30310_772,2025-01-01,4,30.689776506567803,31,2.86,1,1,B,US,iOS
23B30310_773,2025-01-19,7,26.820737452853372,7,0.0,1,0,B,US,iOS
23B30310_774,2025-02-20,2,24.52838117714253,8,0.0,0,0,B,BR,Android
23B30310_775,2025-01-31,6,33.51812049373371,24,0.04,0,0,A,UK,iOS
23B30310_776,2025-02-17,7,30.1191018322507,44,0.09,1,0,B,UK,iOS
23B30310_777,2025-01-31,5,18.104486665887197,33,0.95,1,1,B,UK,Android
23B30310_778,2025-01-29,0,25.576001719700702,16,0.0,1,0,A,JP,Android
23B30310_779,2025-01-08,4,21.74700577560652,48,0.07,1,1,A,JP,Android
23B30310_780,2025-01-15,3,18.431078497541815,23,0.0,1,0,B,IN,Android
23B30310_781,2025-01-20,1,24.873094144163915,40,0.0,1,0,A,JP,Android
23B30310_782,2025-01-22,1,13.453074887831015,6,0.0,1,0,A,BR,Android
23B30310_783,2025-02-12,4,16.9151003021763,48,0.0,1,1,A,UK,Android
23B30310_784,2025-01-08,1,36.91868090630604,23,0.0,1,1,A,BR,Android
23B30310_785,2025-01-17,3,32.23892222731766,29,0.6,0,1,B,BR,iOS
23B30310_786,2025-01-24,2,10.536944518481919,41,0.0,0,0,A,IN,iOS
23B30310_787,2025-02-20,1,21.208421557082595,29,1.26,1,1,B,BR,iOS
23B30310_788,2025-01-18,2,19.359762519710273,27,1.72,1,1,B,US,iOS
23B30310_789,2025-02-21,0,30.818773705071514,11,0.0,1,0,B,IN,iOS
23B30310_790,2025-02-15,1,18.818816737163292,11,1.22,0,0,B,IN,iOS
23B30310_791,2025-01-20,4,16.728879581107172,17,0.15,1,0,B,UK,Android
23B30310_792,2025-01-25,4,16.254457955077193,10,2.58,1,1,A,UK,iOS
23B30310_793,2025-01-19,1,15.748458082336082,7,0.0,1,1,A,JP,Android
23B30310_794,2025-02-08,3,10.270210809719782,26,0.0,1,1,B,UK,Android
23B30310_795,2025-02-14,4,24.011485713814412,25,1.84,1,0,B,BR,iOS
23B30310_796,2025-02-05,1,17.783317664250806,23,0.0,0,0,A,UK,Android
23B30310_797,2025-02-24,3,35.15128214791976,46,0.0,1,0,A,UK,iOS
23B30310_798,2025-01-29,1,23.733947575680197,15,1.39,1,1,B,BR,Android
23B30310_799,2025-01-23,2,27.828289345482915,48,0.0,1,0,B,UK,iOS
23B30310_800,2025-01-28,3,26.302826886942377,30,0.0,0,1,B,JP,Android
23B30310_801,2025-01-22,2,21.91949276636716,13,0.0,0,1,A,BR,Android
23B30310_802,2025-01-10,4,4.696325879661451,31,0.0,1,1,A,US,Android
23B30310_803,2025-02-19,2,23.465948300750746,30,0.0,1,0,B,IN,iOS
23B30310_804,2025-01-20,2,26.59980972241076,43,0.0,1,0,A,JP,Android
23B30310_805,2025-01-26,2,18.276679220184253,5,0.0,1,1,B,UK,Android
23B30310_806,2025-01-10,1,26.55527527830658,47,1.42,1,0,A,UK,Android
23B30310_807,2025-02-22,3,24.445611282909347,38,0.0,1,1,A,UK,Android
23B30310_808,2025-01-09,1,24.67307454757352,15,0.0,0,1,B,UK,iOS
23B30310_809,2025-02-25,3,17.026272818561967,43,0.0,1,1,A,JP,iOS
23B30310_810,2025-03-01,2,17.53689792311224,39,2.79,0,1,A,JP,iOS
23B30310_811,2025-01-03,6,17.816153724243417,7,0.0,1,0,B,IN,iOS
23B30310_812,2025-01-21,3,16.565954196415106,29,2.13,1,0,A,US,iOS
23B30310_813,2025-01-08,3,34.96802736745751,43,2.7,1,1,B,JP,iOS
23B30310_814,2025-01-12,5,14.17510799622621,49,0.0,1,0,A,BR,Android
23B30310_815,2025-02-03,3,16.78569345733845,5,1.63,1,0,A,JP,iOS
23B30310_816,2025-02-25,2,17.792703108241756,19,0.0,1,0,B,BR,Android
23B30310_817,2025-02-18,5,24.952843311597988,20,0.0,1,0,A,BR,iOS
23B30310_818,2025-01-02,2,11.793672589791198,24,0.0,1,1,A,UK,Android
23B30310_819,2025-01-28,3,32.84917079890177,45,0.0,0,1,A,JP,iOS
23B30310_820,2025-01-24,3,24.19320214368196,13,0.0,0,0,B,BR,Android
23B30310_821,2025-02-13,4,17.077949912270444,34,0.0,1,0,B,IN,iOS
23B30310_822,2025-02-16,1,10.125380827150394,27,4.52,0,0,B,JP,Android
23B30310_823,2025-01-14,1,13.89169713570557,37,5.61,1,1,B,UK,Android
23B30310_824,2025-01-18,1,12.750103017376667,45,2.59,0,0,A,JP,Android
23B30310_825,2025-02-08,1,25.570328875036793,21,0.0,1,0,A,JP,Android
23B30310_826,2025-02-04,3,15.896989314851673,44,0.0,0,0,A,US,iOS
23B30310_827,2025-01-26,3,16.274029636731758,12,0.0,1,0,B,JP,Android
23B30310_828,2025-02-17,5,19.859686608875016,9,0.0,1,1,A,US,Android
23B30310_829,2025-02-25,4,29.281419094910618,14,0.16,1,0,B,US,Android
23B30310_830,2025-01-14,2,9.47587022237162,23,0.74,1,1,A,JP,iOS
23B30310_831,2025-01-10,1,14.06937942781921,34,0.0,1,1,B,UK,Android
23B30310_832,2025-02-24,3,1.6542554930985958,22,0.0,0,1,B,IN,Android
23B30310_833,2025-01-31,0,23.845523603768726,17,0.0,1,0,A,UK,iOS
23B30310_834,2025-01-24,2,17.754389951337487,38,0.0,0,0,B,US,iOS
23B30310_835,2025-02-02,3,13.710030249769119,19,0.0,1,0,A,BR,Android
23B30310_836,2025-01-12,2,16.879240081161104,45,0.0,0,1,A,IN,Android
23B30310_837,2025-01-17,3,25.997769812790406,25,0.7,0,1,B,UK,Android
23B30310_838,2025-02-25,1,7.973320693761821,5,0.0,0,1,A,UK,Android
23B30310_839,2025-01-03,3,17.329851130008947,49,0.62,1,1,A,UK,Android
23B30310_840,2025-02-12,3,33.23305391295851,22,2.74,1,0,B,JP,iOS
23B30310_841,2025-01-17,3,29.39055390199794,29,0.0,1,0,A,BR,Android
23B30310_842,2025-01-18,2,3.7061249258279574,9,0.0,1,1,A,US,Android
23B30310_843,2025-02-03,2,14.192868279376473,23,0.0,1,1,B,JP,iOS
23B30310_844,2025-01-17,2,20.89198094670999,25,0.0,1,0,A,JP,iOS
23B30310_845,2025-01-20,6,41.33456851430772,6,0.0,0,0,A,UK,iOS
23B30310_846,2025-02-15,5,26.812490180725998,37,0.0,0,0,A,UK,iOS
23B30310_847,2025-01-12,4,31.709285228245264,6,0.0,1,1,A,US,Android
23B30310_848,2025-01-08,2,23.368816007869267,11,1.89,1,1,B,JP,iOS
23B30310_849,2025-01-24,4,21.24261468107908,14,0.0,0,0,A,IN,iOS
23B30310_850,2025-02-13,3,18.32988586618885,30,1.55,0,0,B,JP,Android
23B30310_851,2025-01-05,4,26.065483796743834,30,0.0,0,0,B,UK,Android
23B30310_852,2025-02-03,2,13.694303082763271,49,0.0,1,1,A,IN,iOS
23B30310_853,2025-01-11,2,1.579585511872704,26,0.0,1,0,B,IN,Android
23B30310_854,2025-02-15,2,17.13272871944739,29,0.0,1,0,B,US,Android
23B30310_855,2025-01-25,4,0.44099582555685757,20,0.0,1,1,B,IN,iOS
23B30310_856,2025-02-13,2,20.291149307549958,39,0.0,1,1,B,BR,Android
23B30310_857,2025-01-23,3,5.375386875665832,26,0.0,1,0,A,BR,Android
23B30310_858,2025-01-21,5,29.194435029481312,32,0.0,0,1,B,JP,iOS
23B30310_859,2025-01-22,4,19.8862224124204,44,0.0,1,0,B,BR,Android
23B30310_860,2025-01-28,0,10.983076401872626,37,0.0,1,0,B,UK,iOS
23B30310_861,2025-01-15,4,15.59378854620848,26,0.0,1,0,A,IN,iOS
23B30310_862,2025-02-07,3,23.049868424264226,8,0.0,1,1,B,IN,iOS
23B30310_863,2025-01-19,3,10.733751202731835,21,0.0,1,0,A,IN,Android
23B30310_864,2025-02-08,4,22.805562307162678,37,0.7,1,0,B,BR,Android
23B30310_865,2025-02-17,2,1.1735736765962592,36,0.0,0,0,A,IN,iOS
23B30310_866,2025-01-18,4,23.53781399389524,49,0.0,0,0,B,JP,iOS
23B30310_867,2025-01-19,3,26.655169600579086,25,0.0,0,1,B,US,Android
23B30310_868,2025-01-26,5,23.04321241660978,28,0.0,1,1,B,UK,Android
23B30310_869,2025-01-27,3,17.184618838300434,43,0.0,1,0,B,IN,iOS
23B30310_870,2025-02-20,3,21.39886619227018,24,0.0,1,0,A,BR,Android
23B30310_871,2025-02-09,5,19.1467033085904,26,0.0,0,1,B,JP,Android
23B30310_872,2025-02-27,3,20.990311991092575,42,0.0,0,0,A,UK,Android
23B30310_873,2025-01-03,4,27.562472624171864,6,0.0,1,0,B,UK,Android
23B30310_874,2025-02-01,2,19.85577983655302,36,0.0,1,0,A,JP,Android
23B30310_875,2025-02-26,2,24.80677423411023,45,0.0,1,1,A,US,iOS
23B30310_876,2025-01-01,4,22.470917524459075,11,0.0,0,0,A,US,iOS
23B30310_877,2025-01-11,2,12.251913971629557,13,0.0,1,0,A,US,iOS
23B30310_878,2025-01-18,2,21.27065882621783,20,0.0,0,0,A,UK,Android
23B30310_879,2025-01-17,3,15.120733052672056,8,0.78,0,0,A,UK,iOS
23B30310_880,2025-03-01,3,15.317480540828118,27,0.0,0,1,A,BR,Android
23B30310_881,2025-02-08,0,8.896160441664628,19,0.0,1,0,A,UK,iOS
23B30310_882,2025-01-20,4,23.343277374461106,26,0.0,1,0,B,US,iOS
23B30310_883,2025-02-21,0,20.016971430742824,44,0.0,0,0,A,US,Android
23B30310_884,2025-01-23,3,14.598528622361762,34,1.19,1,0,B,IN,Android
23B30310_885,2025-02-26,8,8.922040075807988,25,1.96,1,1,B,JP,iOS
23B30310_886,2025-02-05,2,17.331312455948815,32,0.0,1,1,A,US,iOS
23B30310_887,2025-01-18,1,12.72776472149782,20,0.0,1,0,A,UK,iOS
23B30310_888,2025-01-23,3,27.629236446567585,12,0.0,0,1,A,BR,iOS
23B30310_889,2025-01-16,2,26.30202228539426,34,0.51,1,0,A,IN,Android
23B30310_890,2025-02-23,1,18.33814406750931,16,0.0,0,0,A,IN,iOS
23B30310_891,2025-02-20,1,17.33960765810351,5,1.18,1,0,B,US,iOS
23B30310_892,2025-01-27,3,38.481936820868434,39,0.0,1,1,B,JP,iOS
23B30310_893,2025-02-08,0,18.27144233366202,31,2.13,0,0,B,BR,iOS
23B30310_894,2025-02-26,2,17.538689578847524,49,0.0,1,1,B,US,Android
23B30310_895,2025-02-11,3,11.306114713550233,7,0.0,1,0,B,IN,Android
23B30310_896,2025-02-08,5,14.632877480231498,5,0.0,1,0,A,US,Android
23B30310_897,2025-02-20,4,29.908064868781537,32,0.34,1,1,B,UK,iOS
23B30310_898,2025-02-17,2,29.573961883756457,6,0.0,1,1,A,JP,iOS
23B30310_899,2025-03-01,2,16.751641538943044,16,1.59,0,1,A,JP,Android
23B30310_900,2025-01-16,1,17.036752650422823,5,0.0,1,0,A,UK,iOS
23B30310_901,2025-02-24,4,26.377550075431635,9,0.0,1,1,B,UK,Android
23B30310_902,2025-02-19,3,6.96767710877681,23,0.0,1,0,A,BR,iOS
23B30310_903,2025-02-10,1,8.569651710605894,29,0.0,0,1,A,UK,iOS
23B30310_904,2025-01-04,1,25.544798277722236,17,1.83,1,0,A,BR,iOS
23B30310_905,2025-01-28,1,18.234392968696124,24,0.0,1,1,B,BR,iOS
23B30310_906,2025-01-27,2,26.922561738336924,27,0.0,1,1,A,JP,iOS
23B30310_907,2025-02-23,4,15.991264242316504,45,1.43,0,0,B,US,iOS
23B30310_908,2025-03-01,5,27.172740937797542,27,0.0,1,0,B,US,iOS
23B30310_909,2025-02-22,3,25.76132862251917,34,3.07,1,0,A,IN,iOS
23B30310_910,2025-01-04,2,16.286237940186016,47,0.0,1,0,A,JP,iOS
23B30310_911,2025-01-23,2,39.61080187340886,41,0.0,1,0,B,UK,Android
23B30310_912,2025-01-23,4,25.003719606480278,46,0.2,1,0,B,IN,Android
23B30310_913,2025-01-23,2,23.11142538401433,42,0.17,1,0,A,UK,iOS
23B30310_914,2025-02-26,1,23.50399835183101,19,0.0,1,1,A,JP,iOS
23B30310_915,2025-01-14,3,30.17200043828791,11,0.0,0,1,B,BR,iOS
23B30310_916,2025-01-07,3,22.550373092194796,17,0.0,1,0,A,UK,Android
23B30310_917,2025-02-12,2,15.920830057334683,18,0.27,1,0,B,BR,iOS
23B30310_918,2025-01-15,5,20.576843278645004,26,0.0,0,0,B,IN,Android
23B30310_919,2025-02-04,1,20.59093541247561,44,0.0,1,0,A,IN,Android
23B30310_920,2025-02-01,2,40.13254436926389,34,0.0,1,0,B,IN,iOS
23B30310_921,2025-03-01,3,21.445309328931167,5,1.63,1,0,A,JP,iOS
23B30310_922,2025-02-16,0,25.877414018187046,7,0.0,1,0,A,JP,Android
23B30310_923,2025-01-23,5,9.756196428233746,7,0.0,0,1,A,JP,Android
23B30310_924,2025-02-18,4,22.641692664446882,36,0.0,1,0,A,IN,iOS
23B30310_925,2025-01-22,2,14.983514983728224,12,0.0,1,1,B,BR,iOS
23B30310_926,2025-02-26,2,16.966562711032292,25,0.0,1,1,A,US,iOS
23B30310_927,2025-01-28,4,0.22900522938581247,12,0.0,1,1,B,IN,iOS
